url_path,views_total,views_unique
/benfulcher/hctsa,105,64
/benfulcher/hctsa/tree/main/FeatureSets,7,5
/benfulcher/hctsa/tree/main/Operations,7,5
/benfulcher/hctsa/tree/main/TimeSeries,7,5
/benfulcher/hctsa/blob/main/FeatureSets/INP_mops_hctsa.txt,4,2
/benfulcher/hctsa/blob/main/README.md,4,2
/benfulcher/hctsa/tree/c50568f53133ba7cdc77b5ed2bedb36bbe93ef28,4,1
/benfulcher/hctsa/tree/main/Calculation,3,3
/benfulcher/hctsa/tree/main/Toolboxes,3,2
/benfulcher/hctsa/blob/main/Calculation/TS_Compute.m,2,2
